Trial,Date,Colony,Biobest,Micro,Size,Crithidia,BeeID,Bee #,Marginal_Cell
1,2/28/22,3a,3,3a45,45,22,blue-,1,2634.27
1,2/28/22,3a,3,3a45,45,38,blue-blue,2,2930.79
1,2/28/22,3a,3,3a45,45,0,blue-orange,3,2517.8
1,2/28/22,3a,3,3a45,45,24,orange-green,4,2956.27
1,2/28/22,3a,3,3a45,45,0,pink-purple,5,3029.99
1,2/28/22,3a,3,3a45,45,1,orange-,6,2138.17
1,2/28/22,3a,3,3a45,45,44,purple-red,7,2737.41
1,2/28/22,3a,3,3a45,45,0,purple-pink,8,2339.32
1,2/28/22,3a,3,3a45,45,0,pink-white,9,2513.01
1,2/28/22,3a,3,3a45,45,12,orange-pink,10,2246.1
1,2/28/22,3a,3,3a45,45,0,green-orange,11,2799.91
1,2/28/22,3a,3,3a45,45,0,red-yellow,12,2263.41
1,2/28/22,3a,3,3a45,45,4,pink-pink,13,2515.49
1,2/28/22,3a,3,3a45,45,0,blue-purple,14,2653.66
1,2/28/22,3a,3,3a45,45,31,red-orange,15,2105.09
1,2/28/22,3a,3,3a45,45,3,green-orange,16,2882.44
1,2/28/22,3a,3,3a45,45,0,purple-yellow,17,2677.1
1,2/28/22,3a,3,3a45,45,0,pink-,18,2713.96
1,2/28/22,3a,3,3a45,45,0,green-red,19,2509.14
1,2/28/22,3a,3,3a45,45,15,purple-purple,20,2706.61
1,2/28/22,3a,3,3a45,45,0,male,,
1,2/28/22,3a,3,3a45,45,0,male,,
1,2/28/22,3a,3,3a45,45,0,male,,
1,2/28/22,3a,3,3a45,45,0,male,,
1,2/28/22,3a,3,3a45,45,0,male,,
1,2/28/22,3a,3,3a45,45,1,male,,
1,2/28/22,3a,3,3a45,45,0,male,,
1,2/28/22,3a,3,3a45,45,0,male,,
1,2/28/22,3a,3,3a45,45,0,male,,
1,2/28/22,3a,3,3a45,45,0,male,,
1,3/1/22,3a,3,3a15,15,124,pink-white,1,2308.44
1,3/1/22,3a,3,3a15,15,0,pink-blue,2,2258.99
1,3/1/22,3a,3,3a15,15,0,pink-pink,3,2778.22
1,3/1/22,3a,3,3a15,15,0,green-blue,4,2428.67
1,3/1/22,3a,3,3a15,15,42,blue-yellow,5,2069.29
1,3/1/22,3a,3,3a15,15,0,blue-orange,6,2710
1,3/1/22,3a,3,3a15,15,31,green-green,7,2289.18
1,3/1/22,3a,3,3a15,15,21,green-pink,8,2459.07
1,3/1/22,3a,3,3a15,15,0,male,,
1,3/1/22,6a,6,6a45,45,10,orange-green,1,2722.76
1,3/1/22,6a,6,6a45,45,11,pink-pink,2,2729.09
1,3/1/22,6a,6,6a45,45,31,pink-green,3,2556.85
1,3/1/22,6a,6,6a45,45,3,pink-blue,4,2738.71
1,3/1/22,6a,6,6a45,45,45,pink-green,5,2112.12
1,3/1/22,6a,6,6a45,45,31,purple-yellow,6,2406.83
1,3/1/22,6a,6,6a45,45,76,green-blue,7,2285.3
1,3/1/22,6a,6,6a45,45,8,purple-blue,8,2246.05
1,3/1/22,6a,6,6a45,45,62,orange-yellow,9,2652.2
1,3/1/22,6a,6,6a45,45,43,green-green,10,2669.48
1,3/1/22,6a,6,6a45,45,33,green-,11,2426.24
1,3/1/22,6a,6,6a45,45,7,orange-purple,12,2205.94
1,3/1/22,6a,6,6a45,45,0,male,,
1,3/1/22,6a,6,6a45,45,0,male,,
1,3/1/22,6a,6,6a15,15,89,green-yellow,1,3005.43
1,3/1/22,6a,6,6a15,15,0,pink-red,2,2886.35
1,3/1/22,6a,6,6a15,15,0,pink-blue,3,2858.1
1,3/1/22,6a,6,6a15,15,3,green-pink,4,2366.05
1,3/1/22,6a,6,6a15,15,17,worker,,
1,3/1/22,6a,6,6a15,15,50,worker,,
1,3/1/22,6a,6,6a15,15,0,male,,
1,3/1/22,6a,6,6a15,15,0,male,,
1,3/1/22,6a,6,6a15,15,0,male,,
1,3/1/22,6a,6,6a15,15,0,male,,
1,3/1/22,6a,6,6a15,15,0,male,,
1,3/2/22,5a,5,5a45,45,80,red,1,2969.2
1,3/2/22,5a,5,5a45,45,28,orange-purple,2,2866.16
1,3/2/22,5a,5,5a45,45,113,pink-blue,3,2798.17
1,3/2/22,5a,5,5a45,45,186,orange-,4,2741.79
1,3/2/22,5a,5,5a45,45,960,red-,5,2730.46
1,3/2/22,5a,5,5a45,45,24,infected,6,2627.31
1,3/2/22,5a,5,5a45,45,222,infected,7,2936.52
1,3/2/22,5a,5,5a45,45,46,infected,8,2745.11
1,3/2/22,5a,5,5a15,15,185,pink-red,1,2577.65
1,3/2/22,5a,5,5a15,15,50,green-yellow,2,2776.59
1,3/2/22,5a,5,5a15,15,17,green-,3,2620.7
1,3/2/22,5a,5,5a15,15,115,green-white,4,2570.35
1,3/2/22,5a,5,5a15,15,30,infected,,
1,3/2/22,1a,1,1a45,45,0,orange-pink,1,2974.42
1,3/2/22,1a,1,1a45,45,0,orange-,2,2838.53
1,3/2/22,1a,1,1a45,45,6,yellow,3,2662.19
1,3/2/22,1a,1,1a45,45,0,pink-red,4,2614.75
1,3/2/22,1a,1,1a45,45,0,pink-yellow,5,2869.11
1,3/2/22,1a,1,1a45,45,0,pink-purple,6,2904.21
1,3/2/22,1a,1,1a45,45,103,purple-green,7,2225
1,3/2/22,1a,1,1a45,45,19,purple-yellow,8,2287.13
1,3/2/22,1a,1,1a45,45,77,pink-white,9,2447.34
1,3/2/22,1a,1,1a45,45,0,orange-green,10,2224.59
1,3/2/22,1a,1,1a45,45,0,pink-,11,2014.33
1,3/2/22,1a,1,1a45,45,64,orange-,12,2663.58
1,3/2/22,1a,1,1a45,45,77,purple-,13,2486.63
1,3/2/22,1a,1,1a45,45,68,orange-red,14,1998.22
1,3/2/22,1a,1,1a45,45,0,green-pink,15,2406.91
1,3/2/22,1a,1,1a45,45,0,purple-white,16,2456.16
1,3/2/22,1a,1,1a15,15,0,red-orange,1,2382.92
1,3/2/22,1a,1,1a15,15,0,pink-yellow,2,2924.99
1,3/2/22,1a,1,1a15,15,0,pink-pink,3,1786.95
1,3/2/22,1a,1,1a15,15,0,orange-orange,4,2371.07
1,3/2/22,1a,1,1a15,15,0,pink-red,5,2486.22
1,3/2/22,1a,1,1a15,15,0,pink-,6,1994.72
1,3/2/22,1a,1,1a15,15,0,pink-blue,7,2611.57
1,3/2/22,1a,1,1a15,15,0,green-,8,2912.67
1,3/2/22,1a,1,1a15,15,0,infected,9,2545.73
1,3/2/22,1a,1,1a15,15,0,infected,10,2705.75
1,3/2/22,1a,1,1a15,15,0,infected,11,2527.63
1,3/2/22,1a,1,1a15,15,0,infected,12,2678.41
1,3/2/22,1a,1,1a15,15,0,infected,13,2601.31
1,3/2/22,1a,1,1a15,15,0,male,,
1,3/3/22,4a,4,4a15,15,11,pink-green,1,2635.84
1,3/3/22,4a,4,4a15,15,0,orange-orange,2,2381.44
1,3/3/22,4a,4,4a15,15,0,pink-pink,3,2319.22
1,3/3/22,4a,4,4a15,15,0,orange-pink,4,2406.36
1,3/3/22,4a,4,4a15,15,0,green-red,5,2647.04
1,3/3/22,4a,4,4a15,15,0,pink-yellow,6,2225
1,3/3/22,4a,4,4a15,15,75,infected,7,2370.49
1,3/3/22,4a,4,4a15,15,98,infected,8,2813.59
1,3/3/22,4a,4,4a15,15,0,male,,
1,3/3/22,4a,4,4a45,45,0,orange-yellow,1,2808.71
1,3/3/22,4a,4,4a45,45,0,purple-white,2,2318.85
1,3/3/22,4a,4,4a45,45,0,blue-orange,3,2200.35
1,3/3/22,4a,4,4a45,45,0,purple-red,4,2608.73
1,3/3/22,4a,4,4a45,45,0,green-red,5,2420.36
1,3/3/22,4a,4,4a45,45,0,blue-yellow,6,2591.26
1,3/3/22,4a,4,4a45,45,0,purple-yellow,7,2691.69
1,3/3/22,4a,4,4a45,45,0,purple-purple,8,2427.37
1,3/3/22,4a,4,4a45,45,131,infected,9,2577.65
2,4/4/22,3b,3,3b15,15,75,infected,1,2583.45
2,4/4/22,3b,3,3b15,15,25,worker,2,2593.67
2,4/4/22,3b,3,3b15,15,0,worker,3,2234.21
2,4/4/22,3b,3,3b15,15,16,infected,4,2863.73
2,4/4/22,3b,3,3b15,15,66,worker,5,2356.99
2,4/4/22,3b,3,3b15,15,67,worker,6,2572.71
2,4/4/22,3b,3,3b15,15,115,worker,7,2821.39
2,4/4/22,3b,3,3b15,15,28,worker,8,2569.07
2,4/4/22,3b,3,3b15,15,0,worker,9,2707.82
2,4/4/22,3b,3,3b15,15,6,worker,10,3015.28
2,4/4/22,3b,3,3b15,15,27,infected,12,2721.07
2,4/4/22,3b,3,3b15,15,18,infected,13,2726.52
2,4/4/22,3b,3,3b45,45,42,worker,1,2811.62
2,4/4/22,3b,3,3b45,45,25,worker,2,2693.31
2,4/4/22,3b,3,3b45,45,105,worker,3,2866.58
2,4/4/22,3b,3,3b45,45,0,worker,4,2506.21
2,4/4/22,3b,3,3b45,45,136,infected,5,2810.86
2,4/4/22,3b,3,3b45,45,2,infected,6,2811.62
2,4/4/22,3b,3,3b45,45,7,infected,7,2343.18
2,4/4/22,3b,3,3b45,45,3,worker,8,1988.34
2,4/4/22,3b,3,3b45,45,4,worker,9,2418.8
2,4/4/22,3b,3,3b45,45,3,worker,10,2438.8
2,4/4/22,3b,3,3b45,45,5,worker,11,2219.63
2,4/4/22,3b,3,3b45,45,101,worker,12,2500.28
2,4/4/22,3b,3,3b45,45,4,worker,13,2606.1
2,4/4/22,3b,3,3b45,45,65,worker,14,1986.65
2,4/4/22,3b,3,3b45,45,13,worker,15,2662.19
2,4/4/22,3b,3,3b45,45,92,worker,16,2703.07
2,4/4/22,3b,3,3b45,45,10,worker,17,2365.66
2,4/4/22,3b,3,3b45,45,2,worker,18,2568.01
2,4/4/22,3b,3,3b45,45,16,worker,19,2345.63
2,4/4/22,3b,3,3b45,45,0,worker,20,2305.56
2,4/4/22,3b,3,3b45,45,74,worker,21,2283.56
2,4/4/22,3b,3,3b45,45,35,worker,22,2383.04
2,4/4/22,3b,3,3b45,45,4,worker,23,1965.84
2,4/4/22,3b,3,3b45,45,26,worker,24,2016.9
2,4/4/22,3b,3,3b45,45,48,worker,25,2567.99
2,4/4/22,3b,3,3b45,45,82,worker,26,2377.13
2,4/4/22,3b,3,3b45,45,8,worker,27,2550.24
2,4/4/22,3b,3,3b45,45,0,worker,28,2374.32
2,4/4/22,3b,3,3b45,45,60,worker,29,2135.16
2,4/4/22,3b,3,3b45,45,7,worker,31,2565.65
2,4/4/22,3b,3,3b45,45,82,infected,32,2082.18
2,4/4/22,3b,3,3b45,45,0,worker,33,2987.56
2,4/4/22,3b,3,3b45,45,35,infected,34,2555.92
2,4/4/22,3b,3,3b45,45,8,worker,35,2461.33
2,4/4/22,3b,3,3b45,45,7,infected,36,2684.55
2,4/4/22,3b,3,3b45,45,0,worker,37,2564.46
2,4/4/22,3b,3,3b45,45,8,worker,38,2322.06
2,4/5/22,4b,4,4b15,15,307,infected,1,2817.34
2,4/5/22,4b,4,4b15,15,0,worker,2,2164.02
2,4/5/22,4b,4,4b15,15,0,worker,3,2519.57
2,4/5/22,4b,4,4b15,15,138,worker,4,2294.68
2,4/5/22,4b,4,4b15,15,0,worker,5,2123.24
2,4/5/22,4b,4,4b15,15,0,worker,6,2487.68
2,4/5/22,4b,4,4b15,15,0,worker,7,2252.69
2,4/5/22,4b,4,4b15,15,92,infected,8,2463.37
2,4/5/22,4b,4,4b45,45,0,worker,1,2484.26
2,4/5/22,4b,4,4b45,45,14,worker,2,2368.98
2,4/5/22,4b,4,4b45,45,5,worker,4,2459.44
2,4/5/22,4b,4,4b45,45,11,worker,5,2501.67
2,4/5/22,4b,4,4b45,45,12,infected,6,2483.1
2,4/5/22,4b,4,4b45,45,0,worker,7,2417.44
2,4/5/22,4b,4,4b45,45,17,worker,8,2140.98
2,4/5/22,4b,4,4b45,45,0,worker,9,2326.74
2,4/5/22,4b,4,4b45,45,19,worker,10,2341.51
2,4/5/22,4b,4,4b45,45,26,infected,11,2548.68
2,4/5/22,4b,4,4b45,45,10,infected,12,2279.24
2,4/5/22,4b,4,4b45,45,5,infected,13,2470.45
2,4/5/22,4b,4,4b45,45,12,worker,14,2473.39
2,4/5/22,4b,4,4b45,45,6,worker,15,2498.96
2,4/5/22,4b,4,4b45,45,0,worker,16,2608.74
2,4/5/22,4b,4,4b45,45,89,worker,17,2874.84
2,4/5/22,4b,4,4b45,45,15,worker,18,2149.17
2,4/5/22,4b,4,4b45,45,40,worker,19,2034.72
2,4/5/22,4b,4,4b45,45,26,infected,20,2481.76
2,4/5/22,4b,4,4b45,45,91,infected,21,2706.31
2,4/5/22,4b,4,4b45,45,5,worker,22,2423.02
2,4/5/22,4b,4,4b45,45,98,worker,23,2136.59
2,4/5/22,4b,4,4b45,45,41,worker,24,2128.72
2,4/5/22,4b,4,4b45,45,223,infected,25,2250.12
2,4/5/22,4b,4,4b45,45,17,worker,26,1964.64
2,4/5/22,4b,4,4b45,45,32,infected,27,2279.05
2,4/5/22,4b,4,4b45,45,2,worker,28,2098.17
2,4/5/22,4b,4,4b45,45,2,infected,29,2330.35
2,4/5/22,6b,6,6b15,15,0,worker,1,
2,4/5/22,6b,6,6b15,15,87,worker,2,
2,4/5/22,6b,6,6b15,15,0,worker,3,
2,4/5/22,6b,6,6b15,15,132,worker,4,
2,4/5/22,6b,6,6b15,15,0,worker,5,
2,4/5/22,6b,6,6b15,15,0,worker,6,2825.66
2,4/5/22,6b,6,6b15,15,0,worker,7,2983.46
2,4/5/22,6b,6,6b15,15,0,worker,8,2496.35
2,4/5/22,6b,6,6b15,15,0,worker,9,2497.3
2,4/5/22,6b,6,6b15,15,0,worker,10,2440.97
2,4/5/22,6b,6,6b15,15,290,worker,11,2741.36
2,4/5/22,6b,6,6b15,15,0,worker,12,2601.41
2,4/5/22,6b,6,6b15,15,0,worker,13,2513.72
2,4/6/22,6b,6,6b45,45,120,worker,1,2701.22
2,4/6/22,6b,6,6b45,45,30,worker,2,2349.04
2,4/6/22,6b,6,6b45,45,266,worker,3,2339.19
2,4/6/22,6b,6,6b45,45,0,worker,4,2573.6
2,4/6/22,6b,6,6b45,45,38,worker,5,2906.79
2,4/6/22,6b,6,6b45,45,486,infected,6,2811.23
2,4/6/22,6b,6,6b45,45,141,infected,7,2736.27
2,4/6/22,6b,6,6b45,45,97,infected,8,2830.52
2,4/6/22,6b,6,6b45,45,8,infected,9,2906.5
2,4/6/22,6b,6,6b45,45,265,infected,10,2759.27
2,4/6/22,6b,6,6b45,45,96,worker,11,2590.74
2,4/6/22,6b,6,6b45,45,105,infected,12,2847.68
2,4/6/22,6b,6,6b45,45,6,infected,13,2764.31
2,4/6/22,6b,6,6b45,45,75,infected,14,2819.71
2,4/6/22,6b,6,6b45,45,0,infected,15,2732.5
2,4/6/22,6b,6,6b45,45,21,infected,16,2797.26
2,4/6/22,6b,6,6b45,45,31,worker,17,2574.05
2,4/6/22,6b,6,6b45,45,38,worker,18,2636.12
2,4/6/22,6b,6,6b45,45,69,worker,19,2432.22
2,4/6/22,6b,6,6b45,45,83,worker,20,2838.81
2,4/6/22,6b,6,6b45,45,526,worker,22,2632.04
2,4/6/22,6b,6,6b45,45,146,worker,23,2844.23
2,4/6/22,6b,6,6b45,45,19,worker,24,2635.84
2,4/6/22,6b,6,6b45,45,109,worker,25,2299.79
2,4/6/22,6b,6,6b45,45,331,infected,27,2707.72
2,4/6/22,6b,6,6b45,45,465,worker,28,2521.88
2,4/6/22,6b,6,6b45,45,114,worker,29,2669.46
2,4/6/22,6b,6,6b45,45,107,worker,30,2390.14
2,4/6/22,5b,5,5b15,15,82,worker,1,2656.69
2,4/6/22,5b,5,5b15,15,204,worker,2,2864.58
2,4/6/22,5b,5,5b15,15,528,worker,3,2931.88
2,4/6/22,5b,5,5b15,15,248,worker,4,2712.16
2,4/6/22,5b,5,5b15,15,60,infected,5,2738.71
2,4/6/22,5b,5,5b15,15,396,infected,6,2284.16
2,4/6/22,5b,5,5b15,15,384,worker,7,2657.67
2,4/6/22,5b,5,5b45,45,31,worker,1,2825.66
2,4/6/22,5b,5,5b45,45,26,worker,2,2673.67
2,4/6/22,5b,5,5b45,45,33,worker,3,2535.1
2,4/6/22,5b,5,5b45,45,73,worker,4,2196.8
2,4/6/22,5b,5,5b45,45,78,worker,5,2195.12
2,4/6/22,5b,5,5b45,45,64,infected,6,1986.82
2,4/6/22,5b,5,5b45,45,98,infected,7,2838.09
2,4/6/22,5b,5,5b45,45,15,worker,8,2643.39
2,4/6/22,5b,5,5b45,45,233,infected,9,2720.36
2,4/6/22,5b,5,5b45,45,145,infected,10,2964
2,4/6/22,5b,5,5b45,45,95,infected,11,2628.88
2,4/6/22,5b,5,5b45,45,320,infected,12,2843
2,4/6/22,5b,5,5b45,45,26,worker,13,2712.29
2,4/6/22,5b,5,5b45,45,66,worker,14,2723.21
2,4/6/22,5b,5,5b45,45,9,worker,15,2176.77
2,4/6/22,5b,5,5b45,45,109,infected,16,
2,4/6/22,5b,5,5b45,45,183,worker,17,2405.59
2,4/6/22,5b,5,5b45,45,21,worker,18,2414.81
2,4/6/22,5b,5,5b45,45,105,worker,19,2307.03
2,4/6/22,5b,5,5b45,45,39,worker,20,2238.1
2,4/6/22,5b,5,5b45,45,90,infected,22,2480.26
2,4/6/22,5b,5,5b45,45,33,worker,23,2542.38
2,4/6/22,5b,5,5b45,45,73,worker,24,
2,4/6/22,5b,5,5b45,45,41,worker,25,2109.45
2,4/6/22,5b,5,5b45,45,3,worker,26,2457.01
2,4/6/22,5b,5,5b45,45,161,worker,27,2287.47
2,4/6/22,5b,5,5b45,45,5,worker,28,2485.1
2,4/6/22,5b,5,5b45,45,63,worker,29,2692.58
3,7/18/22,7a,7,7a15,15,84,worker,1,2760
3,7/18/22,7a,7,7a15,15,68,worker,2,2630
3,7/18/22,7a,7,7a15,15,245,worker,3,2820
3,7/18/22,7a,7,7a15,15,5,worker,4,3060
3,7/18/22,7a,7,7a15,15,110,worker,5,2710
3,7/18/22,7a,7,7a15,15,146,worker,6,2630
3,7/18/22,7a,7,7a15,15,141,worker,7,2460
3,7/18/22,7a,7,7a15,15,17,worker,8,2480
3,7/18/22,7a,7,7a15,15,0,worker,9,2510
3,7/18/22,7a,7,7a15,15,624,worker,10,3170
3,7/18/22,7a,7,7a15,15,12,worker,11,3150
3,7/18/22,7a,7,7a15,15,163,worker,12,2510
3,7/18/22,7a,7,7a15,15,0,worker,13,2830
3,7/18/22,7a,7,7a45,45,0,worker,1,2500
3,7/18/22,7a,7,7a45,45,0,worker,2,2950
3,7/18/22,7a,7,7a45,45,109,worker,3,2890
3,7/18/22,7a,7,7a45,45,10,worker,4,2850
3,7/18/22,7a,7,7a45,45,3,worker,5,2480
3,7/18/22,7a,7,7a45,45,19,worker,6,2580
3,7/18/22,7a,7,7a45,45,0,worker,7,2720
3,7/18/22,7a,7,7a45,45,0,worker,8,2730
3,7/18/22,7a,7,7a45,45,161,worker,9,3080
3,7/18/22,7a,7,7a45,45,31,worker,10,3330
3,7/18/22,7a,7,7a45,45,0,worker,11,3170
3,7/18/22,7a,7,7a45,45,6,worker,12,2760
3,7/18/22,7a,7,7a45,45,27,worker,13,2630
3,7/18/22,7a,7,7a45,45,133,worker,14,2800
3,7/18/22,7a,7,7a45,45,67,worker,15,2250
3,7/18/22,7a,7,7a45,45,0,worker,16,3130
3,7/18/22,7a,7,7a45,45,3,worker,17,2570
3,7/18/22,7a,7,7a45,45,62,worker,18,2640
3,7/18/22,7a,7,7a45,45,64,worker,19,2160
3,7/18/22,7a,7,7a45,45,392,worker,20,2700
3,7/18/22,7a,7,7a45,45,23,worker,21,2550
3,7/18/22,7a,7,7a45,45,11,worker,22,2310
3,7/18/22,7a,7,7a45,45,41,worker,23,2110
3,7/18/22,7a,7,7a45,45,0,worker,24,2940
3,7/19/22,8a,8,8a15,15,456,worker,1,2920
3,7/19/22,8a,8,8a15,15,117,worker,2,2490
3,7/19/22,8a,8,8a15,15,212,worker,3,2460
3,7/19/22,8a,8,8a15,15,111,worker,4,2490
3,7/19/22,8a,8,8a15,15,90,worker,5,2810
3,7/19/22,8a,8,8a15,15,108,worker,6,2210
3,7/19/22,8a,8,8a15,15,184,worker,7,
3,7/19/22,8a,8,8a15,15,386,worker,8,
3,7/19/22,8a,8,8a15,15,36,worker,9,
3,7/19/22,8a,8,8a15,15,69,worker,10,
3,7/19/22,8a,8,8a15,15,58,worker,11,
3,7/19/22,8a,8,8a45,45,50,worker,1,2950
3,7/19/22,8a,8,8a45,45,160,worker,2,2690
3,7/19/22,8a,8,8a45,45,107,worker,3,2490
3,7/19/22,8a,8,8a45,45,51,worker,4,2730
3,7/19/22,8a,8,8a45,45,99,worker,5,2740
3,7/19/22,8a,8,8a45,45,84,worker,6,2430
3,7/19/22,8a,8,8a45,45,48,worker,8,2540
3,7/19/22,8a,8,8a45,45,47,worker,9,2320
3,7/19/22,8a,8,8a45,45,40,worker,10,2430
3,7/19/22,8a,8,8a45,45,292,worker,11,2910
3,7/19/22,8a,8,8a45,45,0,worker,13,2950
3,7/19/22,8a,8,8a45,45,6,worker,14,2260
3,7/19/22,8a,8,8a45,45,29,worker,15,2860
3,7/19/22,8a,8,8a45,45,77,worker,16,2480
3,7/19/22,8a,8,8a45,45,8,worker,17,2620
3,7/19/22,8a,8,8a45,45,120,worker,18,3160
3,7/19/22,8a,8,8a45,45,45,worker,19,2210
3,7/19/22,8a,8,8a45,45,139,worker,20,2720
3,7/19/22,8a,8,8a45,45,39,worker,22,2450
3,7/19/22,8a,8,8a45,45,206,worker,23,2590
3,7/19/22,8a,8,8a45,45,107,worker,24,2440
3,7/19/22,8a,8,8a45,45,148,worker,25,2420
3,7/19/22,8a,8,8a45,45,399,worker,26,2180
3,7/19/22,8a,8,8a45,45,44,worker,27,2690
4,8/1/22,7b,7,7b15,15,230,worker,1,2990
4,8/1/22,7b,7,7b15,15,78,worker,2,2520
4,8/1/22,7b,7,7b15,15,348,worker,3,2630
4,8/1/22,7b,7,7b15,15,159,worker,4,2340
4,8/1/22,7b,7,7b15,15,92,worker,5,2570
4,8/1/22,7b,7,7b15,15,128,worker,6,3030
4,8/1/22,7b,7,7b15,15,139,worker,7,2670
4,8/1/22,7b,7,7b15,15,200,worker,8,2820
4,8/1/22,7b,7,7b45,45,170,worker,1,2500
4,8/1/22,7b,7,7b45,45,82,worker,2,2540
4,8/1/22,7b,7,7b45,45,0,worker,3,2570
4,8/1/22,7b,7,7b45,45,467,worker,4,2510
4,8/1/22,7b,7,7b45,45,0,worker,5,2270
4,8/1/22,7b,7,7b45,45,14,worker,6,2710
4,8/1/22,7b,7,7b45,45,0,worker,8,3150
4,8/1/22,7b,7,7b45,45,229,worker,9,3020
4,8/1/22,7b,7,7b45,45,0,worker,10,2520
4,8/1/22,7b,7,7b45,45,14,worker,11,2180
4,8/1/22,7b,7,7b45,45,260,worker,12,2140
4,8/1/22,7b,7,7b45,45,132,worker,13,
4,8/1/22,7b,7,7b45,45,0,worker,14,2860
4,8/1/22,7b,7,7b45,45,413,worker,15,2960
4,8/1/22,7b,7,7b45,45,145,worker,16,2500
4,8/1/22,7b,7,7b45,45,144,worker,17,2680
4,8/1/22,7b,7,7b45,45,114,worker,18,2410
4,8/1/22,7b,7,7b45,45,420,worker,19,2320
4,8/1/22,7b,7,7b45,45,0,worker,21,2760
4,8/1/22,7b,7,7b45,45,148,worker,22,2430
4,8/1/22,7b,7,7b45,45,109,worker,23,2250
4,8/1/22,7b,7,7b45,45,0,worker,24,2660
4,8/1/22,7b,7,7b45,45,155,worker,25,2070
4,8/2/22,8b,8,8b15,15,445,worker,1,2510
4,8/2/22,8b,8,8b15,15,668,worker,2,2430
4,8/2/22,8b,8,8b15,15,1334,worker,3,2700
4,8/2/22,8b,8,8b15,15,924,worker,4,2620
4,8/2/22,8b,8,8b15,15,654,worker,5,2480
4,8/2/22,8b,8,8b15,15,816,worker,6,2130
4,8/2/22,8b,8,8b15,15,1376,worker,7,2620
4,8/2/22,8b,8,8b15,15,656,worker,8,2350
4,8/2/22,8b,8,8b45,45,1248,worker,1,2640
4,8/2/22,8b,8,8b45,45,144,worker,2,2110
4,8/2/22,8b,8,8b45,45,293,worker,3,2260
4,8/2/22,8b,8,8b45,45,108,worker,4,2130
4,8/2/22,8b,8,8b45,45,576,worker,5,2250
4,8/2/22,8b,8,8b45,45,750,worker,6,2490
4,8/2/22,8b,8,8b45,45,102,worker,7,2740
4,8/2/22,8b,8,8b45,45,287,worker,8,2450
4,8/2/22,8b,8,8b45,45,353,worker,9,2720
4,8/2/22,8b,8,8b45,45,265,worker,10,2750
4,8/2/22,8b,8,8b45,45,157,worker,11,2400
4,8/2/22,8b,8,8b45,45,340,worker,12,2750
4,8/2/22,8b,8,8b45,45,188,worker,13,2310
4,8/2/22,8b,8,8b45,45,488,worker,14,2230
5,8/30/22,7c,7,7c15,15,313,worker,1,2890
5,8/30/22,7c,7,7c15,15,756,worker,2,2920
5,8/30/22,7c,7,7c15,15,177,worker,3,2310
5,8/30/22,7c,7,7c15,15,55,worker,4,2810
5,8/30/22,7c,7,7c15,15,170,worker,5,2660
5,8/30/22,7c,7,7c15,15,138,worker,6,2430
5,8/30/22,7c,7,7c15,15,390,worker,7,2560
5,8/30/22,7c,7,7c15,15,63,worker,8,2690
5,8/30/22,7c,7,7c15,15,149,worker,9,2230
5,8/30/22,7c,7,7c15,15,195,worker,10,2100
5,8/30/22,7c,7,7c15,15,381,worker,11,2150
5,8/30/22,7c,7,7c15,15,412,worker,12,2800
5,8/30/22,7c,7,7c45,45,724,worker,1,2930
5,8/30/22,7c,7,7c45,45,4,worker,2,2760
5,8/30/22,7c,7,7c45,45,0,worker,3,2310
5,8/30/22,7c,7,7c45,45,0,worker,4,2950
5,8/30/22,7c,7,7c45,45,7,worker,6,2270
5,8/30/22,7c,7,7c45,45,37,worker,7,2400
5,8/30/22,7c,7,7c45,45,121,worker,8,2530
5,8/30/22,7c,7,7c45,45,118,worker,9,2460
5,8/30/22,7c,7,7c45,45,169,worker,10,2210
5,8/30/22,7c,7,7c45,45,112,worker,11,2420
5,8/30/22,7c,7,7c45,45,92,worker,12,2570
5,8/30/22,7c,7,7c45,45,376,worker,13,2300
5,8/30/22,7c,7,7c45,45,0,worker,14,2380
5,8/30/22,7c,7,7c45,45,190,worker,15,2780
5,8/30/22,7c,7,7c45,45,28,worker,16,2400
5,8/30/22,8c,8,8c15,15,105,worker,1,2670
5,8/30/22,8c,8,8c15,15,880,worker,2,2630
5,8/30/22,8c,8,8c15,15,169,worker,3,2290
5,8/30/22,8c,8,8c15,15,190,worker,4,2790
5,8/30/22,8c,8,8c15,15,161,worker,5,2240
5,8/30/22,8c,8,8c45,45,211,worker,1,
5,8/30/22,8c,8,8c45,45,505,worker,3,
5,8/30/22,8c,8,8c45,45,100,worker,5,
5,8/30/22,8c,8,8c45,45,181,worker,6,
5,8/30/22,8c,8,8c45,45,244,worker,7,
5,8/30/22,8c,8,8c45,45,159,worker,8,
5,8/30/22,8c,8,8c45,45,226,worker,9,
5,8/30/22,8c,8,8c45,45,638,worker,10,
5,8/30/22,8c,8,8c45,45,55,worker,11,
5,8/30/22,8c,8,8c45,45,166,worker,13,
5,8/30/22,8c,8,8c45,45,4,worker,14,
5,8/30/22,8c,8,8c45,45,48,worker,15,
6,10/1/22,9a,9,9a15,15,358,worker,1,3260
6,10/1/22,9a,9,9a15,15,285,worker,2,2700
6,10/1/22,9a,9,9a15,15,212,worker,3,2760
6,10/1/22,9a,9,9a15,15,124,worker,4,3050
6,10/1/22,9a,9,9a15,15,164,worker,5,2700
6,10/1/22,9a,9,9a15,15,205,worker,6,2960
6,10/1/22,9a,9,9a15,15,550,worker,7,2310
6,10/1/22,9a,9,9a15,15,179,worker,8,
6,10/1/22,9a,9,9a15,15,358,worker,9,
6,10/1/22,9a,9,9a15,15,535,worker,10,3050
6,10/1/22,9a,9,9a15,15,864,worker,11,3030
6,10/1/22,9a,9,9a15,15,227,worker,12,2690
6,10/1/22,9a,9,9a15,15,158,worker,13,2500
6,10/1/22,9a,9,9a15,15,143,worker,14,2280
6,10/1/22,9a,9,9a45,45,206,worker,1,2860
6,10/1/22,9a,9,9a45,45,71,worker,2,2870
6,10/1/22,9a,9,9a45,45,200,worker,3,2450
6,10/1/22,9a,9,9a45,45,69,worker,4,2350
6,10/1/22,9a,9,9a45,45,449,worker,5,2460
6,10/1/22,9a,9,9a45,45,327,worker,6,2830
6,10/1/22,9a,9,9a45,45,657,worker,7,3050
6,10/1/22,9a,9,9a45,45,786,worker,8,2800
6,10/1/22,9a,9,9a45,45,134,worker,9,2700
6,10/1/22,9a,9,9a45,45,892,worker,10,3050
6,10/1/22,9a,9,9a45,45,1024,worker,11,3130
6,10/1/22,9a,9,9a45,45,72,worker,12,2800
6,10/1/22,9a,9,9a45,45,101,worker,13,2480
6,10/1/22,9a,9,9a45,45,61,worker,14,2790
6,10/1/22,9a,9,9a45,45,13,worker,15,2690
6,10/1/22,9a,9,9a45,45,760,worker,16,2740
6,10/1/22,9a,9,9a45,45,4,worker,17,2330
6,10/1/22,9a,9,9a45,45,1024,worker,18,2830
6,10/1/22,9a,9,9a45,45,267,worker,19,2900
6,10/1/22,9a,9,9a45,45,155,worker,21,2480
6,10/1/22,9a,9,9a45,45,148,worker,23,2050
6,10/1/22,9a,9,9a45,45,1368,worker,24,2840
6,10/1/22,9a,9,9a45,45,59,worker,25,2300
6,10/1/22,9a,9,9a45,45,196,worker,26,2290
6,10/1/22,9a,9,9a45,45,625,worker,27,2820
6,10/1/22,9a,9,9a45,45,155,worker,28,2900
6,10/1/22,9a,9,9a45,45,430,worker,29,2740
6,10/1/22,9a,9,9a45,45,146,worker,30,2550
6,10/1/22,9a,9,9a45,45,150,worker,31,2250
6,10/1/22,9a,9,9a45,45,425,worker,33,2460
6,10/2/22,10a,10,10a15,15,3,worker,1,2630
6,10/2/22,10a,10,10a15,15,113,worker,2,2210
6,10/2/22,10a,10,10a15,15,101,worker,3,2260
6,10/2/22,10a,10,10a15,15,47,worker,4,2290
6,10/2/22,10a,10,10a15,15,212,worker,5,2860
6,10/2/22,10a,10,10a15,15,12,worker,6,2840
6,10/2/22,10a,10,10a15,15,316,worker,7,2160
6,10/2/22,10a,10,10a15,15,530,worker,8,2680
6,10/2/22,10a,10,10a15,15,97,worker,9,2630
6,10/2/22,10a,10,10a15,15,20,worker,10,2840
6,10/2/22,10a,10,10a15,15,105,worker,11,2660
6,10/2/22,10a,10,10a45,45,660,worker,1,3060
6,10/2/22,10a,10,10a45,45,0,worker,2,2490
6,10/2/22,10a,10,10a45,45,95,worker,3,2220
6,10/2/22,10a,10,10a45,45,219,worker,4,1920
6,10/2/22,10a,10,10a45,45,257,worker,5,2610
6,10/2/22,10a,10,10a45,45,0,worker,6,2860
6,10/2/22,10a,10,10a45,45,276,worker,7,2740
6,10/2/22,10a,10,10a45,45,233,worker,8,2090
6,10/2/22,10a,10,10a45,45,268,worker,9,2530
6,10/2/22,10a,10,10a45,45,41,worker,10,2430
6,10/2/22,10a,10,10a45,45,0,worker,11,2810
6,10/2/22,10a,10,10a45,45,4,worker,12,2770
6,10/2/22,10a,10,10a45,45,0,worker,13,2790
6,10/2/22,10a,10,10a45,45,0,worker,14,3030
6,10/2/22,10a,10,10a45,45,2,worker,15,2870
6,10/2/22,10a,10,10a45,45,2,worker,16,2690
6,10/2/22,10a,10,10a45,45,91,worker,17,2570
6,10/2/22,10a,10,10a45,45,0,worker,18,2610
6,10/2/22,10a,10,10a45,45,3,worker,19,2150
6,10/2/22,10a,10,10a45,45,63,worker,20,2590
6,10/2/22,10a,10,10a45,45,3,worker,21,
6,10/2/22,10a,10,10a45,45,0,worker,22,
6,10/2/22,10a,10,10a45,45,39,worker,23,
6,10/2/22,10a,10,10a45,45,194,worker,24,
6,10/2/22,10a,10,10a45,45,32,worker,25,
6,10/2/22,10a,10,10a45,45,215,worker,26,
6,10/2/22,10a,10,10a45,45,85,worker,27,
6,10/2/22,10a,10,10a45,45,14,worker,28,
6,10/2/22,10a,10,10a45,45,0,worker,29,
6,10/2/22,10a,10,10a45,45,0,worker,30,
6,10/2/22,10a,10,10a45,45,2,worker,31,